﻿pos_x,pos_y,rotation,side,designator,mpn,pack,footprint,value,mount_type
33.9,-21.95,90.0,top,C1,,,C_0402_1005Metric,10u,smt
20.15,-21.95,90.0,top,C10,,,C_0402_1005Metric,100n,smt
24.55,-21.95,90.0,top,C11,,,C_0402_1005Metric,100n,smt
34.9,-20.2,180.0,top,C12,,,C_0402_1005Metric,3.3p,smt
35.8,-23.6,0.0,top,C13,,,C_0402_1005Metric,3.3p,smt
31.7,-42.05,90.0,top,C14,,,C_0402_1005Metric,10u,smt
42.85,-35.7,180.0,top,C15,,,C_0402_1005Metric,100n,smt
39.6,-41.1625,0.0,top,C16,,,C_0402_1005Metric,10u,smt
42.8,-41.1,180.0,top,C17,,,C_0402_1005Metric,10u,smt
34.6,-44.55,0.0,top,C18,,,C_0402_1005Metric,100n,smt
39.6,-42.58125,0.0,top,C19,,,C_0402_1005Metric,10n,smt
32.1,-21.95,90.0,top,C2,,,C_0402_1005Metric,100n,smt
36.95,-44.55,0.0,top,C20,,,C_0402_1005Metric,100n,smt
36.6,-36.65,0.0,top,C21,,,C_0402_1005Metric,2.2n,smt
36.65,-48.2625,180.0,top,C22,,,C_0402_1005Metric,100n,smt
36.25,-55.5,90.0,top,C23,,,C_0402_1005Metric,10u,smt
24.25,-36.3,90.0,top,C24,,,C_0402_1005Metric,10u,smt
28.25,-21.95,90.0,top,C3,,,C_0402_1005Metric,100n,smt
28.85,-26.6,180.0,top,C4,,,C_0402_1005Metric,100n,smt
37.65,-25.7,90.0,top,C5,,,C_0402_1005Metric,100n,smt
32.35,-31.8,180.0,top,C6,,,C_0402_1005Metric,100n,smt
34.8,-31.8,0.0,top,C7,,,C_0402_1005Metric,10u,smt
42.35,-24.0,0.0,top,C8,,,C_0402_1005Metric,14p,smt
44.35,-28.2,90.0,top,C9,,,C_0402_1005Metric,14p,smt
39.0675,-52.15,0.0,top,D1,,,LED_0402_1005Metric,RED,smt
39.05,-53.4,0.0,top,D2,,,LED_0402_1005Metric,GREEN,smt
41.75,-50.3,-90.0,top,D3,,,D_SOD-123,STPS0560Z,smt
52.2,-38.367893,90.0,top,J1,,,USB_C_Receptacle_GCT_USB4105-xx-A_16P_TopMnt_Horizontal,USB_C_Receptacle_USB2.0_16P,smt
22.25,-38.022893,-90.0,top,J3,,,GC9A01-12PIN-FPC,Conn_01x12_Pin,smt
30.15,-21.5,0.0,top,L1,,,L_0402_1005Metric,2n,smt
35.35,-21.9,90.0,top,L2,,,L_0402_1005Metric,2.2n,smt
24.0,-49.2875,0.0,top,Q1,,,TSSOP-8_4.4x3mm_P0.65mm,FS8205A,smt
22.2,-31.2,0.0,top,Q2,,,SOT-23-3,BSS138,smt
45.45,-50.6,-90.0,top,Q3,,,SOT-23-3,IRLML6401,smt
39.0,-25.68125,-90.0,top,R1,,,R_0402_1005Metric,22R,smt
36.7,-52.15,180.0,top,R10,,,R_0402_1005Metric,1k,smt
36.7,-53.4,0.0,top,R11,,,R_0402_1005Metric,1k,smt
24.75,-42.25,180.0,top,R12,,,R_0402_1005Metric,1k,smt
24.75,-41.2,180.0,top,R13,,,R_0402_1005Metric,1k,smt
24.75,-40.15,180.0,top,R14,,,R_0402_1005Metric,1k,smt
24.75,-39.1,180.0,top,R15,,,R_0402_1005Metric,1k,smt
24.75,-38.05,180.0,top,R16,,,R_0402_1005Metric,1k,smt
36.65,-49.7,0.0,top,R17,,,R_0402_1005Metric,100R,smt
19.1,-30.7,-90.0,top,R18,,,R_0402_1005Metric,10R,smt
45.86,-47.5,180.0,top,R19,,,R_0402_1005Metric,10k,smt
18.7,-21.95,-90.0,top,R2,,,R_0402_1005Metric,10k,smt
17.6,-30.7,90.0,top,R20,,,R_0402_1005Metric,10k,smt
40.85,-30.59,0.0,top,R21,,,R_0402_1005Metric,100R,smt
23.1,-21.95,-90.0,top,R3,,,R_0402_1005Metric,10k,smt
45.45,-39.6,-90.0,top,R4,,,R_0402_1005Metric,5.1k,smt
45.4,-34.0,90.0,top,R5,,,R_0402_1005Metric,5.1k,smt
33.85,-35.2,0.0,top,R6,,,R_0402_1005Metric,4.7k,smt
36.65,-35.2,0.0,top,R7,,,R_0402_1005Metric,4.7k,smt
24.9,-52.2,0.0,top,R8,,,R_0402_1005Metric,5k,smt
29.75,-49.3125,180.0,top,R9,,,R_0402_1005Metric,1k,smt
18.85,-26.2,-90.0,top,SW1,,,SW_Push_1P1T_NO_CK_KMR2,SW_Push,smt
23.2,-26.2,-90.0,top,SW2,,,SW_Push_1P1T_NO_CK_KMR2,SW_Push,smt
41.75,-38.4,180.0,top,U1,,,SOT-23-5,ME6211C33M5G,smt
33.55,-27.7,-90.0,top,U2,,,QFN-32-1EP_5x5mm_P0.5mm_EP3.45x3.45mm_ThermalVias,ESP32-C3,smt
30.6,-54.1,0.0,top,U3,,,SOIC-8-1EP_3.9x4.9mm_P1.27mm_EP2.41x3.3mm_ThermalVias,TP4056,smt
35.35,-40.3,0.0,top,U4,,,InvenSense_QFN-24_4x4mm_P0.5mm,MPU-6050,smt
33.25,-49.3,0.0,top,U5,,,SOT-23-6,DW01A,smt
41.6,-27.05,-90.0,top,Y1,,,Crystal_SMD_3225-4Pin_3.2x2.5mm,SJK-7U-40.000,smt
