﻿pos_x,pos_y,rotation,side,designator,mpn,pack,footprint,value,mount_type
31.4,-21.8,90.0,top,C1,,,C_0402_1005Metric,10u,smt
19.7,-21.85,90.0,top,C10,,,C_0402_1005Metric,100n,smt
23.8,-21.85,90.0,top,C11,,,C_0402_1005Metric,100n,smt
32.4,-20.1,180.0,top,C12,,,C_0402_1005Metric,3.3p,smt
33.3,-23.5,0.0,top,C13,,,C_0402_1005Metric,3.3p,smt
27.45,-40.05,90.0,top,C14,,,C_0402_1005Metric,10u,smt
38.65,-34.742107,180.0,top,C15,,,C_0402_1005Metric,100n,smt
34.75,-37.042107,90.0,top,C16,,,C_0402_1005Metric,10u,smt
38.6,-39.6,180.0,top,C17,,,C_0402_1005Metric,10u,smt
30.35,-42.55,0.0,top,C18,,,C_0402_1005Metric,100n,smt
35.15,-40.0,-90.0,top,C19,,,C_0402_1005Metric,10n,smt
29.6,-21.85,90.0,top,C2,,,C_0402_1005Metric,100n,smt
32.7,-42.55,0.0,top,C20,,,C_0402_1005Metric,100n,smt
32.35,-34.65,0.0,top,C21,,,C_0402_1005Metric,2.2n,smt
39.9,-46.2,90.0,top,C22,,,C_0402_1005Metric,100n,smt
41.5,-50.35,90.0,top,C23,,,C_0402_1005Metric,10u,smt
20.2,-35.45,-90.0,top,C24,,,C_0402_1005Metric,10u,smt
25.75,-21.85,90.0,top,C3,,,C_0402_1005Metric,100n,smt
38.03,-21.1,0.0,top,C4,,,C_0402_1005Metric,100n,smt
38.03,-22.55,0.0,top,C5,,,C_0402_1005Metric,100n,smt
29.85,-31.7,180.0,top,C6,,,C_0402_1005Metric,100n,smt
32.3,-31.7,0.0,top,C7,,,C_0402_1005Metric,10u,smt
37.55,-23.85,0.0,top,C8,,,C_0402_1005Metric,14p,smt
39.0,-30.0,0.0,top,C9,,,C_0402_1005Metric,14p,smt
38.5675,-50.9,0.0,top,D1,,,LED_0402_1005Metric,RED,smt
38.55,-52.15,0.0,top,D2,,,LED_0402_1005Metric,GREEN,smt
47.25,-48.2,0.0,top,D3,,,D_SOD-123,STPS0560Z,smt
47.5,-37.017893,90.0,top,J1,,,USB_C_Receptacle_GCT_USB4105-xx-A_16P_TopMnt_Horizontal,USB_C_Receptacle_USB2.0_16P,smt
18.15,-36.672893,-90.0,top,J3,,,GC9A01-12PIN-FPC,Conn_01x12_Pin,smt
27.65,-21.4,0.0,top,L1,,,L_0402_1005Metric,2n,smt
32.85,-21.8,90.0,top,L2,,,L_0402_1005Metric,2.2n,smt
23.5,-46.6875,0.0,top,Q1,,,TSSOP-8_4.4x3mm_P0.65mm,FS8205A,smt
21.6625,-31.1,0.0,top,Q2,,,SOT-23-3,BSS138,smt
47.25,-44.65,0.0,top,Q3,,,SOT-23-3,IRLML6401,smt
35.15,-26.4,-90.0,top,R1,,,R_0402_1005Metric,22R,smt
36.2,-50.9,180.0,top,R10,,,R_0402_1005Metric,1k,smt
36.2,-52.15,0.0,top,R11,,,R_0402_1005Metric,1k,smt
20.65,-41.21,180.0,top,R12,,,R_0402_1005Metric,1k,smt
20.65,-40.16,180.0,top,R13,,,R_0402_1005Metric,1k,smt
20.65,-39.11,180.0,top,R14,,,R_0402_1005Metric,1k,smt
20.65,-38.06,180.0,top,R15,,,R_0402_1005Metric,1k,smt
20.65,-37.01,180.0,top,R16,,,R_0402_1005Metric,1k,smt
41.3,-46.2,90.0,top,R17,,,R_0402_1005Metric,100R,smt
18.5,-29.85,0.0,top,R18,,,R_0402_1005Metric,10R,smt
43.9,-43.8,90.0,top,R19,,,R_0402_1005Metric,10k,smt
18.25,-21.85,90.0,top,R2,,,R_0402_1005Metric,10k,smt
16.1,-29.85,0.0,top,R20,,,R_0402_1005Metric,10k,smt
37.85,-31.5,0.0,top,R21,,,R_0402_1005Metric,100R,smt
36.64,-30.01,0.0,top,R22,,,R_0402_1005Metric,100R,smt
22.35,-21.85,90.0,top,R3,,,R_0402_1005Metric,10k,smt
40.75,-38.3,90.0,top,R4,,,R_0402_1005Metric,5.1k,smt
40.7,-32.6,90.0,top,R5,,,R_0402_1005Metric,5.1k,smt
27.45,-35.8,90.0,top,R6,,,R_0402_1005Metric,4.7k,smt
28.9,-33.7,90.0,top,R7,,,R_0402_1005Metric,4.7k,smt
25.4,-49.6,0.0,top,R8,,,R_0402_1005Metric,5k,smt
33.35,-46.65,180.0,top,R9,,,R_0402_1005Metric,1k,smt
18.1,-26.1,-90.0,top,SW1,,,SW_Push_1P1T_NO_CK_KMR2,SW_Push,smt
22.45,-26.1,-90.0,top,SW2,,,SW_Push_1P1T_NO_CK_KMR2,SW_Push,smt
37.55,-37.0,180.0,top,U1,,,SOT-23-5,ME6211C33M5G,smt
31.05,-27.6,-90.0,top,U2,,,QFN-32-1EP_5x5mm_P0.5mm_EP3.45x3.45mm_ThermalVias,ESP32-C3,smt
31.1,-51.5,0.0,top,U3,,,SOIC-8-1EP_3.9x4.9mm_P1.27mm_EP2.41x3.3mm_ThermalVias,TP4056,smt
31.1,-38.3,0.0,top,U4,,,InvenSense_QFN-24_4x4mm_P0.5mm,MPU-6050,smt
36.85,-46.6375,0.0,top,U5,,,SOT-23-6,DW01A,smt
38.1,-26.95,-90.0,top,Y1,,,Crystal_SMD_3225-4Pin_3.2x2.5mm,SJK-7U-40.000,smt
