﻿pos_x,pos_y,rotation,side,designator,mpn,pack,footprint,value,mount_type
32.15,-21.9,90.0,top,C1,,,C_0402_1005Metric,10u,smt
20.45,-21.95,90.0,top,C10,,,C_0402_1005Metric,100n,smt
24.55,-21.95,90.0,top,C11,,,C_0402_1005Metric,100n,smt
33.15,-20.2,180.0,top,C12,,,C_0402_1005Metric,3.3p,smt
34.05,-23.6,0.0,top,C13,,,C_0402_1005Metric,3.3p,smt
28.2,-40.15,90.0,top,C14,,,C_0402_1005Metric,10u,smt
39.4,-34.842107,180.0,top,C15,,,C_0402_1005Metric,100n,smt
35.5,-37.142107,90.0,top,C16,,,C_0402_1005Metric,10u,smt
39.35,-39.7,180.0,top,C17,,,C_0402_1005Metric,10u,smt
31.1,-42.65,0.0,top,C18,,,C_0402_1005Metric,100n,smt
35.9,-40.1,-90.0,top,C19,,,C_0402_1005Metric,10n,smt
30.35,-21.95,90.0,top,C2,,,C_0402_1005Metric,100n,smt
33.45,-42.65,0.0,top,C20,,,C_0402_1005Metric,100n,smt
33.1,-34.75,0.0,top,C21,,,C_0402_1005Metric,2.2n,smt
40.65,-46.3,90.0,top,C22,,,C_0402_1005Metric,100n,smt
42.25,-50.45,90.0,top,C23,,,C_0402_1005Metric,10u,smt
20.95,-35.55,-90.0,top,C24,,,C_0402_1005Metric,10u,smt
26.5,-21.95,90.0,top,C3,,,C_0402_1005Metric,100n,smt
38.78,-21.2,0.0,top,C4,,,C_0402_1005Metric,100n,smt
38.78,-22.65,0.0,top,C5,,,C_0402_1005Metric,100n,smt
30.6,-31.8,180.0,top,C6,,,C_0402_1005Metric,100n,smt
33.05,-31.8,0.0,top,C7,,,C_0402_1005Metric,10u,smt
38.3,-23.95,0.0,top,C8,,,C_0402_1005Metric,14p,smt
39.75,-30.1,0.0,top,C9,,,C_0402_1005Metric,14p,smt
39.3175,-51.0,0.0,top,D1,,,LED_0402_1005Metric,RED,smt
39.3,-52.25,0.0,top,D2,,,LED_0402_1005Metric,GREEN,smt
48.0,-48.3,0.0,top,D3,,,D_SOD-123,STPS0560Z,smt
48.25,-37.117893,90.0,top,J1,,,USB_C_Receptacle_GCT_USB4105-xx-A_16P_TopMnt_Horizontal,USB_C_Receptacle_USB2.0_16P,smt
18.9,-36.772893,-90.0,top,J3,,,GC9A01-12PIN-FPC,Conn_01x12_Pin,smt
28.4,-21.5,0.0,top,L1,,,L_0402_1005Metric,2n,smt
33.6,-21.9,90.0,top,L2,,,L_0402_1005Metric,2.2n,smt
24.25,-46.7875,0.0,top,Q1,,,TSSOP-8_4.4x3mm_P0.65mm,FS8205A,smt
22.4125,-31.2,0.0,top,Q2,,,SOT-23-3,BSS138,smt
48.0,-44.75,0.0,top,Q3,,,SOT-23-3,IRLML6401,smt
35.9,-26.5,-90.0,top,R1,,,R_0402_1005Metric,22R,smt
36.95,-51.0,180.0,top,R10,,,R_0402_1005Metric,1k,smt
36.95,-52.25,0.0,top,R11,,,R_0402_1005Metric,1k,smt
21.4,-41.31,180.0,top,R12,,,R_0402_1005Metric,1k,smt
21.4,-40.26,180.0,top,R13,,,R_0402_1005Metric,1k,smt
21.4,-39.21,180.0,top,R14,,,R_0402_1005Metric,1k,smt
21.4,-38.16,180.0,top,R15,,,R_0402_1005Metric,1k,smt
21.4,-37.11,180.0,top,R16,,,R_0402_1005Metric,1k,smt
42.05,-46.3,90.0,top,R17,,,R_0402_1005Metric,100R,smt
19.25,-29.95,0.0,top,R18,,,R_0402_1005Metric,10R,smt
44.65,-43.9,90.0,top,R19,,,R_0402_1005Metric,10k,smt
19.0,-21.95,90.0,top,R2,,,R_0402_1005Metric,10k,smt
16.85,-29.95,0.0,top,R20,,,R_0402_1005Metric,10k,smt
38.6,-31.6,0.0,top,R21,,,R_0402_1005Metric,100R,smt
37.39,-30.11,0.0,top,R22,,,R_0402_1005Metric,100R,smt
23.1,-21.95,90.0,top,R3,,,R_0402_1005Metric,10k,smt
41.5,-38.4,90.0,top,R4,,,R_0402_1005Metric,5.1k,smt
41.45,-32.7,90.0,top,R5,,,R_0402_1005Metric,5.1k,smt
28.2,-34.85,90.0,top,R6,,,R_0402_1005Metric,4.7k,smt
29.65,-33.8,90.0,top,R7,,,R_0402_1005Metric,4.7k,smt
26.15,-49.7,0.0,top,R8,,,R_0402_1005Metric,5k,smt
34.1,-46.75,180.0,top,R9,,,R_0402_1005Metric,1k,smt
18.85,-26.2,-90.0,top,SW1,,,SW_Push_1P1T_NO_CK_KMR2,SW_Push,smt
23.2,-26.2,-90.0,top,SW2,,,SW_Push_1P1T_NO_CK_KMR2,SW_Push,smt
38.3,-37.1,180.0,top,U1,,,SOT-23-5,ME6211C33M5G,smt
31.8,-27.7,-90.0,top,U2,,,QFN-32-1EP_5x5mm_P0.5mm_EP3.45x3.45mm_ThermalVias,ESP32-C3,smt
31.85,-51.6,0.0,top,U3,,,SOIC-8-1EP_3.9x4.9mm_P1.27mm_EP2.41x3.3mm_ThermalVias,TP4056,smt
31.85,-38.4,0.0,top,U4,,,InvenSense_QFN-24_4x4mm_P0.5mm,MPU-6050,smt
37.6,-46.7375,0.0,top,U5,,,SOT-23-6,DW01A,smt
38.85,-27.05,-90.0,top,Y1,,,Crystal_SMD_3225-4Pin_3.2x2.5mm,SJK-7U-40.000,smt
